<?xml version="1.0" encoding="UTF-8"?>


<beans xmlns="http://www.springframework.org/schema/beans"
	xmlns:xsi="http://www.w3.org/2001/XMLSchema-instance"
	xmlns:context="http://www.springframework.org/schema/context"
	xmlns:aop="http://www.springframework.org/schema/aop"
	xmlns:tx="http://www.springframework.org/schema/tx"
	xsi:schemaLocation="http://www.springframework.org/schema/beans
    http://www.springframework.org/schema/beans/spring-beans.xsd
    http://www.springframework.org/schema/context
    http://www.springframework.org/schema/context/spring-context.xsd
    http://www.springframework.org/schema/aop 
    http://www.springframework.org/schema/aop/spring-aop.xsd
    http://www.springframework.org/schema/tx 
    http://www.springframework.org/schema/tx/spring-tx.xsd">

	<tx:annotation-driven />

	<context:component-scan
		base-package="MVCprojFINAL.controller" />
	<context:component-scan
		base-package="MVCprojFINAL.empDao" />


	<bean
		class="org.springframework.web.servlet.view.InternalResourceViewResolver"
		name="viewResolver">
		<property name="prefix" value="/WEB-INF/views/" />
		<property name="suffix" value=".jsp" />
	</bean>

	<bean
		class="org.springframework.jdbc.datasource.DriverManagerDataSource"
		name="ds">
		<property name="driverClassName"
			value="com.microsoft.sqlserver.jdbc.SQLServerDriver" />
		<property name="url"
			value="jdbc:sqlserver://10.0.2.67;databaseName=TrainingDec2023;trustServerCertificate=true" />
		<property name="username" value="poornap" />
		<property name="password" value="Praj@dec23" />
	</bean>


	<bean
		class="org.springframework.orm.hibernate5.LocalSessionFactoryBean"
		name="factory">

		<property name="dataSource" ref="ds"></property>

		<property name="hibernateProperties">
			<props>
				<prop key="hibernate.dialect">org.hibernate.dialect.SQLServerDialect</prop>
				<prop key="hibernate.show_sql">true</prop>
				<prop key="hibernate.hbm2ddl.auto">update</prop>
			</props>
		</property>
		<property name="annotatedClasses">
			<list>
				<value>MVCprojFINAL.model.Employee</value>
			</list>
		</property>


	</bean>


	<bean class="org.springframework.orm.hibernate5.HibernateTemplate"
		name="hibernateTemplate">
		<property name="sessionFactory" ref="factory"></property>

	</bean>

	<bean
		class="org.springframework.orm.hibernate5.HibernateTransactionManager"
		name="transactionManager">
		<property name="sessionFactory" ref="factory"></property>
	</bean>




</beans>